{"mean": [-1.8947806286936004e-17, 4.926429634603361e-17, -5.4948638232114415e-17, 3.126388037344441e-17, -3.031649005909761e-17, 4.5474735088646414e-17, -6.063298011819522e-17, 6.252776074688882e-17, 9.473903143468003e-19, -1.8568850161197286e-16], "scale": [1.0, 0.9999999999999999, 1.0, 0.9999999999999999, 1.0, 0.9999999999999999, 1.0, 1.0, 0.5694918160598451, 0.9999999999999999]}